{
  "1d": {
    "dim": 1,
    "function": "Discontinuous oscillatory",
    "description": "sin(30\u03c0x)exp(-10(x-0.3)\u00b2) + 0.5cos(50\u03c0x) + step",
    "reference": 0.40422850545,
    "simpson": {
      "n_points": [
        10000,
        100000,
        1000000,
        10000000,
        100000000
      ],
      "errors": [
        2.6705903302004508e-05,
        2.685231457522086e-06,
        2.712433441187656e-07,
        6.262708740489842e-08,
        3.2824765017203106e-08
      ],
      "times": [
        0.4094345160001467,
        0.003225340000426513,
        0.004239324000081979,
        0.005211040999711258,
        0.015047717000015837
      ],
      "total_time": 0.7429337579997082
    },
    "gauss_legendre": {
      "n_points": [
        100,
        500,
        1000,
        5000
      ],
      "errors": [
        0.002353244351679218,
        0.0012638493448451915,
        7.96276495032e-05,
        4.286640674533437e-06
      ],
      "times": [
        0.08832971900028497,
        0.5209336389998498,
        1.080062328999702,
        12.88605420499971
      ],
      "total_time": 14.75539991200003
    },
    "monte_carlo": {
      "n_points": [
        10000,
        100000,
        1000000,
        10000000,
        100000000,
        500000000
      ],
      "errors": [
        0.0005326003258331324,
        0.000709387702236941,
        0.0005097717468841578,
        0.00039070542406005604,
        5.6174355258176156e-05,
        6.231707821657828e-06
      ],
      "times": [
        0.0376496999997471,
        0.005923048999648017,
        0.005672334999871964,
        0.007562114000393194,
        0.021855551000044215,
        0.08949162400040223
      ],
      "total_time": 1.1533428319999075
    },
    "vegas": {
      "n_points": [
        100000,
        1000000,
        10000000,
        100000000
      ],
      "errors": [
        0.0004906326110259984,
        3.162068615725211e-06,
        3.879960130614979e-05,
        1.600686956482189e-05
      ],
      "times": [
        0.24883632600085548,
        0.05755008699998143,
        0.08449309200022981,
        0.28631598799984204
      ],
      "total_time": 0.8068315099999381
    },
    "scipy": {
      "nquad": {
        "result": 0.4042285054490556,
        "error": 9.444112158973894e-13,
        "time": 0.002631731999827025
      },
      "trapz_10001": {
        "result": 0.4042784741019559,
        "error": 4.996865195588951e-05,
        "time": 8.154499937518267e-05,
        "n_points": 10001
      },
      "simps_10001": {
        "result": 0.4042618387825734,
        "error": 3.3333332573382e-05,
        "time": 0.00013264599965623347,
        "n_points": 10001
      },
      "trapz_100001": {
        "result": 0.4042335051355846,
        "error": 4.999685584594626e-06,
        "time": 0.00027061899982072646,
        "n_points": 100001
      },
      "simps_100001": {
        "result": 0.4042318387823885,
        "error": 3.3333323884998656e-06,
        "time": 0.0009117310000874568,
        "n_points": 100001
      },
      "trapz_1000001": {
        "result": 0.4042280054459205,
        "error": 5.000040794733707e-07,
        "time": 0.0037352710005507106,
        "n_points": 1000001
      },
      "simps_1000001": {
        "result": 0.4042281721157219,
        "error": 3.333342781242088e-07,
        "time": 0.011891864000062924,
        "n_points": 1000001
      }
    }
  },
  "3d": {
    "dim": 3,
    "function": "Multi-peak with ridge",
    "description": "Multiple peaks + sin(15\u03c0\u220fxi) + sharp ridge",
    "reference": 0.26605308056,
    "simpson": {
      "n_points": [
        10000,
        100000,
        1000000,
        10000000,
        100000000
      ],
      "errors": [
        3.862380859132042e-05,
        6.85452191784286e-07,
        5.960586790809685e-08,
        5.960586790809685e-08,
        5.960586790809685e-08
      ],
      "times": [
        0.0036128500005361275,
        0.0059180360003665555,
        0.004078809999555233,
        0.006530444999953033,
        0.023409360000187007
      ],
      "total_time": 0.5246363629994448
    },
    "gauss_legendre": {
      "n_points": [
        100,
        500,
        1000,
        5000
      ],
      "errors": [
        0.01990289462036543,
        0.0062743954588242445,
        0.07131600766281565,
        1.8097382192827638e-07
      ],
      "times": [
        0.008623300000181189,
        0.0028915240000060294,
        0.004702277999967919,
        0.002721950999330147
      ],
      "total_time": 0.14262840199990023
    },
    "monte_carlo": {
      "n_points": [
        10000,
        100000,
        1000000,
        10000000,
        100000000,
        250000000
      ],
      "errors": [
        0.0024393796933007694,
        0.0014198422444177128,
        0.00012537836906190147,
        9.518861892943153e-05,
        1.7732383043811417e-05,
        2.5242568285510636e-05
      ],
      "times": [
        0.004581805000270833,
        0.005881946999579668,
        0.004960526999639114,
        0.006552197000019078,
        0.026742168000055244,
        0.05130052999993495
      ],
      "total_time": 1.2926131149997673
    },
    "vegas": {
      "n_points": [
        100000,
        1000000,
        10000000,
        100000000,
        250000000
      ],
      "errors": [
        0.0002720057976556278,
        1.8030403821422958e-05,
        2.914667007203331e-05,
        2.6524054693721766e-06,
        2.5033938574337e-06
      ],
      "times": [
        0.07567770500008919,
        0.07419235100041988,
        0.09533734900014679,
        0.615135086999544,
        1.6803569390003759
      ],
      "total_time": 2.7376509220002845
    },
    "scipy": {
      "nquad": {
        "result": 0.26605303077460485,
        "error": 4.978539513977864e-08,
        "time": 2.980412255000374
      }
    }
  },
  "7d": {
    "dim": 7,
    "function": "Rastrigin-Gaussian hybrid",
    "description": "Rastrigin oscillatory + Gaussian envelope + sharp peak",
    "reference": 0.8440104723,
    "simpson": {
      "n_points": [
        10000,
        100000,
        1000000,
        10000000,
        100000000
      ],
      "errors": [
        0.10429447889561161,
        0.20660871267551884,
        0.0002536773658324831,
        0.07010710239177242,
        2.437829738155539e-05
      ],
      "times": [
        0.004991076999431243,
        0.004480721999243542,
        0.009509106999757932,
        0.008497921000525821,
        0.04074595100064471
      ],
      "total_time": 0.7484464119997938
    },
    "gauss_legendre": {
      "n_points": [
        1000,
        5000,
        10000,
        50000,
        100000,
        500000
      ],
      "errors": [
        0.1790013639556738,
        0.02174656510766282,
        0.02174656510766282,
        0.07237982250270047,
        0.16784925000998874,
        0.1067658907417276
      ],
      "times": [
        0.00394786499964539,
        0.0044338909992802655,
        0.004005724000307964,
        0.004483730000174546,
        0.006397613000444835,
        0.006370390000483894
      ],
      "total_time": 0.21177732999967702
    },
    "monte_carlo": {
      "n_points": [
        10000,
        100000,
        1000000,
        10000000,
        50000000,
        100000000,
        150000000
      ],
      "errors": [
        0.0013037919974853152,
        0.0008217692351867312,
        0.0006072521186401003,
        2.735853428348367e-05,
        1.591444248660867e-05,
        1.0967256970251249e-05,
        1.782179111942117e-05
      ],
      "times": [
        0.005127782999807096,
        0.004760519000228669,
        0.004966139999851293,
        0.010753257000033045,
        0.027582986000197707,
        0.052640685999904235,
        0.5016997370003082
      ],
      "total_time": 3.2217130210001415
    },